user_chat,response
What is mental health?,"Mental health refers to a person's emotional, psychological, and social well-being."
How common are mental health issues?,"Mental health issues are very common, affecting millions of people worldwide."
Can mental health problems be treated?,"Yes, many mental health problems can be effectively treated with therapy, medication, or a combination of both."
What are some common symptoms of anxiety?,"Common symptoms of anxiety may include excessive worry, restlessness, and physical tension."
What is depression?,"Depression is a mood disorder characterized by persistent sadness, loss of interest or pleasure, and other symptoms that affect daily functioning."
How can I help someone with a mental health problem?,"Supporting someone with a mental health problem involves listening, offering empathy, and encouraging them to seek professional help."
What are some self-care practices for mental health?,"Practices like exercise, meditation, and maintaining a strong support system can promote good mental health."
Are mental health disorders hereditary?,There is evidence that genetic factors can play a role in some mental health disorders.
What is therapy?,Therapy is a treatment approach that involves talking to a trained professional to address emotional and psychological issues.
Can mental health improve over time?,"Yes, with the right treatment and support, many people can recover from or manage their mental health issues effectively."
What is the impact of stress on mental health?,"Excessive stress can have a negative impact on mental health, leading to anxiety and other disorders."
Can you explain the concept of resilience in mental health?,Resilience is the ability to bounce back from adversity; it's crucial for maintaining good mental health.
What is the role of medications in treating mental health issues?,Medications can help manage symptoms of certain mental health conditions when prescribed by a healthcare professional.
How can I identify if someone is struggling with their mental health?,"Look for changes in behavior, mood, or social withdrawal as potential signs of mental health struggles."
What are some stigmas associated with mental health?,"Stigmas can include the misconception that people with mental health issues are weak or dangerous, which is often not true."
What is the relationship between sleep and mental health?,"Good sleep is essential for mental health, and sleep disturbances can contribute to mental health issues."
Can diet affect mental health?,"Yes, a balanced diet with essential nutrients can positively impact mental well-being."
What are some common coping strategies for stress?,"Coping strategies can include deep breathing, mindfulness, and engaging in relaxing activities."
How can one promote mental health in the workplace?,"Promoting mental health in the workplace involves creating a supportive environment, offering resources, and reducing stressors."
Can children and adolescents experience mental health issues?,"Yes, mental health issues can affect individuals of all ages, including children and teenagers."
What is the connection between exercise and mental health?,"Regular exercise can improve mood, reduce stress, and enhance mental well-being."
How can I find a mental health professional?,You can find a mental health professional by asking your primary care doctor for a referral or searching online directories.
What is cognitive-behavioral therapy (CBT)?,CBT is a type of psychotherapy that helps individuals identify and change negative thought patterns and behaviors.
Are there any online resources for mental health support?,"Yes, there are various online platforms, apps, and websites that offer mental health resources and support."
What should I do if I'm in crisis or experiencing suicidal thoughts?,"In a crisis, it's important to reach out to a crisis hotline or seek immediate help from a mental health professional or a healthcare provider."
What is the role of family and friends in supporting mental health?,Family and friends can provide crucial emotional support and understanding for someone facing mental health challenges.
What are some common misconceptions about mental health?,Misconceptions include thinking that mental health issues are a sign of weakness or that they can be overcome with willpower alone.
Can lifestyle changes impact mental health positively?,"Yes, lifestyle changes like regular exercise and a balanced diet can have a positive impact on mental health."
What is the importance of early intervention in mental health?,Early intervention can prevent the worsening of mental health issues and improve the chances of successful treatment.
How can I reduce the stigma around mental health in my community?,"Reducing stigma involves open conversations, education, and advocating for mental health awareness."
What are some common treatments for anxiety disorders?,"Common treatments for anxiety disorders may include therapy, medication, and lifestyle changes."
How can I manage stress in my daily life?,"Stress management can involve relaxation techniques, time management, and seeking support from loved ones."
What is the relationship between substance abuse and mental health?,Substance abuse can worsen mental health issues and may be a way of self-medicating to cope with emotional distress.
What is post-traumatic stress disorder (PTSD)?,"PTSD is a mental health condition that can develop after experiencing a traumatic event, leading to distressing symptoms."
How can I practice self-compassion for better mental health?,"Self-compassion involves treating yourself with kindness and understanding, even in challenging times."
What is the role of support groups in mental health recovery?,Support groups provide a safe space for individuals to share experiences and receive emotional support from others facing similar challenges.
What is mindfulness meditation  and how can it benefit mental health?,Mindfulness meditation is a practice that involves staying present in the moment and can help reduce stress and improve mental well-being.
How do social relationships affect mental health?,Positive social relationships can enhance mental health by providing emotional support and reducing feelings of isolation.
What are some common signs of a mental health crisis?,"Signs of a mental health crisis may include severe mood swings, extreme agitation, or threats of self-harm or harm to others."
How can one create a mental health wellness plan?,"A wellness plan involves identifying triggers, coping strategies, and resources to maintain good mental health."
What are some relaxation techniques for managing anxiety?,"Relaxation techniques like deep breathing, progressive muscle relaxation, and guided imagery can help manage anxiety."
What is the connection between trauma and mental health?,"Experiencing trauma can lead to various mental health issues, such as post-traumatic stress disorder (PTSD) and anxiety."
How can one create a supportive environment for their mental health?,"Creating a supportive environment includes setting boundaries, seeking help when needed, and surrounding yourself with positive influences."
What is bipolar disorder  and how is it treated?,Bipolar disorder is a mood disorder that involves extreme mood swings. Treatment may include therapy and mood-stabilizing medications.
How can one build resilience in the face of adversity?,"Resilience can be built through developing problem-solving skills, seeking social support, and maintaining a positive outlook."
What is the connection between physical health and mental health?,"Physical health and mental health are closely linked, with one often affecting the other. Good physical health can support mental well-being."
Can cultural factors influence how mental health is perceived and treated?,"Yes, cultural factors can impact how mental health is perceived and addressed within different communities."
What is the importance of self-awareness in managing mental health?,"Self-awareness can help individuals recognize their own emotional state and triggers, leading to more effective self-care."
How can I practice good mental health in times of social isolation?,"Staying connected with loved ones, maintaining routines, and seeking professional help if needed can support mental health during isolation."
What is the role of creativity in mental health?,"Engaging in creative activities like art, music, and writing can be therapeutic and promote mental well-being."
What are some common myths about mental health?,Myths about mental health include the belief that people can simply 'snap out of it' or that mental health issues are not real illnesses.
What are some self-help strategies for managing mild anxiety?,"Self-help strategies may include practicing relaxation techniques, maintaining a healthy lifestyle, and challenging negative thoughts."
How can one manage the impact of work-related stress on mental health?,"Managing work-related stress involves setting boundaries, seeking support from colleagues, and taking regular breaks."
Can exercise help improve mood and mental health?,"Yes, exercise can release endorphins, which can improve mood and overall mental well-being."
What is the impact of chronic stress on mental health?,"Chronic stress can lead to mental health issues, including anxiety and depression, and should be managed proactively."
What is the importance of setting boundaries for mental health?,"Setting boundaries is crucial for maintaining mental health, as it helps prevent burnout and maintain a healthy work-life balance."
How can journaling be used as a tool for mental well-being?,"Journaling can help individuals process their thoughts and emotions, identify patterns, and gain clarity on their mental state."
What are common signs of burnout and how can it be prevented?,"Signs of burnout include emotional exhaustion and reduced performance. Preventative measures include self-care, time management, and seeking support."
What is the impact of a lack of social support on mental health?,A lack of social support can lead to feelings of loneliness and increased risk of mental health issues.
How can one promote mental health in the context of education?,"Promoting mental health in education involves creating a supportive and inclusive learning environment, providing resources, and addressing the stigma associated with seeking help."
How can cultural competency be important in mental health care?,Cultural competency is vital in mental health care to ensure that care is tailored to an individual's unique cultural background and beliefs.
What are some common stressors in the workplace and how can they be managed?,Common workplace stressors include heavy workloads and conflicts. They can be managed through effective communication and stress reduction strategies.
How can I recognize signs of anxiety in children and adolescents?,"Signs of anxiety in young individuals may include excessive worrying, changes in behavior, and physical complaints like headaches or stomachaches."
What is seasonal affective disorder (SAD) and how is it treated?,"SAD is a type of depression related to changes in seasons, often during winter. Light therapy and lifestyle changes can be effective treatments."
How can one support a loved one with a mental health condition effectively?,"Supporting a loved one with a mental health condition involves listening without judgment, offering assistance, and encouraging them to seek professional help when needed."
What are some common types of therapy for mental health?,"Common types of therapy include cognitive-behavioral therapy (CBT), dialectical behavior therapy (DBT), and interpersonal therapy (IPT)."
How does social media use impact mental health?,"Excessive or negative social media use can lead to feelings of loneliness and lower self-esteem, which can negatively impact mental health."
What is the relationship between substance use and mental health disorders?,"Substance use can co-occur with mental health disorders, complicating treatment and recovery. This is known as dual diagnosis or co-occurring disorders."
How can I build and maintain a strong support system for my mental health?,"Building a support system involves fostering relationships with friends and family, as well as seeking out support groups or professionals when necessary."
What is self-stigma in mental health  and how can it be addressed?,Self-stigma refers to negative beliefs an individual holds about themselves due to their mental health condition. It can be addressed through therapy and self-acceptance.
How can I manage the fear of stigma when seeking help for mental health?,Managing the fear of stigma involves recognizing that seeking help is a sign of strength and that many others have similar experiences.
What is the role of sleep hygiene in mental health?,"Sleep hygiene practices, such as maintaining a consistent sleep schedule and creating a comfortable sleep environment, can improve mental well-being."
What is the impact of unresolved trauma on mental health?,"Unresolved trauma can lead to a range of mental health issues, including post-traumatic stress disorder (PTSD) and depression."
How can one help a child or adolescent with their mental health struggles?,"Supporting a young person's mental health may involve open communication, seeking professional help, and creating a safe and nurturing environment."
What is the connection between mindfulness and mental health?,Mindfulness practices can reduce stress and improve mental health by promoting self-awareness and presence in the moment.
What is the impact of long-term isolation on mental health?,"Long-term isolation can lead to feelings of loneliness, depression, and anxiety, making it important to maintain social connections."
How can one practice self-compassion for improved mental well-being?,Practicing self-compassion involves treating oneself with the same kindness and understanding as one would offer to a friend.
What is the relationship between genetics and mental health disorders?,"Genetics can play a role in the development of mental health disorders, but environmental factors also contribute significantly."
What are some common symptoms of postpartum depression?,"Symptoms of postpartum depression may include mood swings, fatigue, and difficulty bonding with the baby."
How can creative expression like art and music be therapeutic for mental health?,"Creative expression allows individuals to express emotions and experiences, which can be therapeutic and promote emotional well-being."
What is the impact of chronic pain on mental health?,"Chronic pain can lead to increased stress, depression, and anxiety, making it important to address both physical and mental well-being."
What are the different types of professionals who can help with mental health issues?,"Professionals who can help include therapists, counselors, psychiatrists, and social workers, each offering various types of support and treatment."
How can I improve my mental health through time management?,"Effective time management can reduce stress and provide more time for self-care, helping improve mental well-being."
What is the relationship between mindfulness and emotional regulation?,Mindfulness practices can help individuals become more aware of their emotions and learn to regulate them effectively.
How can one support a friend or family member who is experiencing a mental health crisis?,"Offering a listening ear, showing empathy, and assisting in seeking professional help can support someone during a mental health crisis."
What are some common triggers for anxiety?,"Common triggers for anxiety can include stress, major life changes, and phobias."
How can I improve mental health through physical exercise?,"Regular physical exercise can release endorphins, which can help boost mood and reduce symptoms of anxiety and depression."
What is the role of nutrition in mental health?,"A balanced diet with essential nutrients is important for mental health, as it can impact mood and cognitive function."
What are the effects of social isolation on mental health?,"Social isolation can lead to feelings of loneliness and negatively impact mental health, so staying connected is important."
What is the impact of a lack of sleep on mental well-being?,"Sleep deprivation can lead to mood disturbances, increased stress, and impaired cognitive function, affecting mental well-being."
How can one support a loved one with social anxiety?,"Supporting someone with social anxiety involves being patient, offering encouragement, and understanding their boundaries."
What are the effects of prolonged stress on mental health?,"Prolonged stress can lead to a variety of mental health issues, such as anxiety and depression."
What are some common signs of depression in teenagers?,"Signs of depression in teenagers may include changes in sleep and appetite, irritability, and social withdrawal."
How can I maintain mental health during major life transitions?,"Maintaining mental health during transitions involves self-care, seeking support, and managing stress effectively."
What is the connection between self-esteem and mental health?,"A healthy self-esteem can contribute to good mental health, as it's related to self-worth and self-acceptance."
What is the relationship between substance use and mental health?,"Substance use can affect mental health negatively, often leading to increased risk of mental health issues."
How can I identify signs of a panic attack?,"Signs of a panic attack may include rapid heartbeat, shortness of breath, and intense feelings of fear or dread."
What are some self-help strategies for managing stress?,"Self-help strategies for stress management can include relaxation techniques, time management, and setting boundaries."
How can one support a friend who is struggling with mental health issues?,"Offering a listening ear, being non-judgmental, and helping them connect with professional help can be supportive."
What is the importance of positive self-talk for mental health?,Positive self-talk can improve self-esteem and help individuals manage stress and challenging situations.
What is the role of mindfulness in mental health?,"Mindfulness practices can help individuals become more aware of their thoughts and emotions, reducing stress and improving mental well-being."
How can one maintain good mental health during the holiday season?,"Maintaining good mental health during the holidays involves setting realistic expectations, self-care, and seeking support when needed."
What is the connection between trauma and post-traumatic stress disorder (PTSD)?,"Trauma can be a trigger for PTSD, a mental health condition that can develop after experiencing or witnessing a traumatic event."
How can one promote mental health awareness in their community?,"Promoting mental health awareness in the community may involve organizing events, workshops, and educational programs."
What is the impact of substance abuse on mental health?,Substance abuse can worsen mental health issues and may be a way of self-medicating to cope with emotional distress.
How can I practice self-care for better mental health?,"Self-care practices like regular exercise, relaxation techniques, and maintaining a support system can promote good mental health."
What is the importance of professional help in treating mental health issues?,"Professional help from therapists, psychiatrists, or counselors can provide tailored treatment and support for mental health issues."
How can one build resilience in the face of adversity?,"Building resilience involves developing problem-solving skills, seeking social support, and maintaining a positive outlook."
What is the role of cognitive-behavioral therapy (CBT) in mental health treatment?,CBT is a therapeutic approach that helps individuals identify and change negative thought patterns and behaviors.
What are some common signs of obsessive-compulsive disorder (OCD)?,"Common signs of OCD include repetitive, intrusive thoughts and compulsive behaviors, often aimed at reducing anxiety."
How can one manage the symptoms of social anxiety?,"Managing social anxiety may involve exposure therapy, relaxation techniques, and cognitive-behavioral strategies."
What is the relationship between physical health and mental health?,"Physical health and mental health are closely connected, with one influencing the other in a bidirectional manner."
How can I maintain mental health while working from home?,"Maintaining mental health when working from home includes setting boundaries, maintaining a routine, and staying connected with colleagues."
What is the importance of social support in mental health recovery?,"Social support can provide emotional help, reduce feelings of isolation, and improve overall mental well-being."
How can one build self-esteem and self-confidence for better mental health?,"Building self-esteem and self-confidence involves positive self-talk, self-acceptance, and setting and achieving personal goals."
What are some common triggers for postpartum depression?,"Common triggers for postpartum depression include hormonal changes, sleep deprivation, and the stress of caring for a newborn."
How can one maintain good mental health during times of uncertainty?,"Maintaining good mental health during uncertain times involves focusing on what you can control, self-care, and seeking support."
What is the role of medication in mental health treatment?,"Medication can be an effective component of treatment for certain mental health conditions, often used in combination with therapy."
How can one reduce the stigma around mental health in the workplace?,"Reducing stigma in the workplace involves promoting open discussions, educating employees, and creating a supportive environment."
What is the relationship between self-compassion and mental well-being?,"Self-compassion involves treating oneself with kindness and understanding, which can improve self-esteem and overall mental well-being."
What are some common risk factors for developing depression?,"Common risk factors for depression can include genetics, trauma, and a history of other mental health conditions."
How can one practice stress management in daily life?,"Practicing stress management involves techniques such as deep breathing, time management, and physical activity."
What is the connection between physical fitness and mental health?,"Physical fitness can improve mood, reduce stress, and positively impact overall mental well-being."
How can one help a child or adolescent struggling with bullying-related mental health issues?,"Supporting a young person facing bullying issues involves open communication, reporting the bullying, and seeking professional help if needed."
What is the importance of setting achievable goals for mental health recovery?,"Setting achievable goals can provide a sense of purpose and accomplishment, which is beneficial for mental health recovery."
How can one build emotional resilience in challenging times?,"Building emotional resilience involves developing coping skills, seeking support, and maintaining a positive mindset."
What are some common signs of bipolar disorder?,"Common signs of bipolar disorder include extreme mood swings, changes in energy levels, and erratic behavior."
How can one manage symptoms of generalized anxiety disorder (GAD)?,"Managing GAD symptoms may involve therapy, medication, and stress-reduction techniques."
What is the role of psychoeducation in mental health treatment?,"Psychoeducation provides individuals with information about their mental health condition, helping them understand and manage their symptoms."
How can one create a wellness plan to support their mental health?,"A wellness plan involves identifying triggers, coping strategies, and resources for maintaining good mental health."
What is the relationship between self-esteem and mental health?,"Self-esteem plays a significant role in mental health, as it affects how individuals perceive themselves and their overall well-being."
How can one maintain mental health during a job loss or career change?,"Maintaining mental health during career transitions involves staying optimistic, seeking support, and creating a plan for the future."
What are the effects of unresolved trauma on mental health?,"Unresolved trauma can lead to various mental health issues, such as post-traumatic stress disorder (PTSD) and anxiety."
How can one support a friend or family member with an eating disorder?,"Supporting someone with an eating disorder involves being non-judgmental, offering empathy, and encouraging them to seek professional help."
What is the impact of loneliness on mental health?,"Loneliness can lead to feelings of depression, anxiety, and a decline in overall mental well-being, so it's important to combat social isolation."
How can one promote mental health awareness in schools and educational institutions?,"Promoting mental health awareness in schools involves implementing educational programs, offering resources, and fostering a stigma-free environment."
What is the role of self-care in maintaining good mental health?,"Self-care practices, such as exercise, relaxation, and seeking help when needed, are essential for maintaining good mental health."
How can one address body image concerns for improved mental well-being?,"Addressing body image concerns involves self-acceptance, positive self-talk, and seeking support from a therapist or counselor."
What is the relationship between positive relationships and mental health?,"Positive relationships can enhance mental health by providing emotional support, reducing feelings of loneliness, and improving overall well-being."
How can one practice mindfulness to reduce stress and anxiety?,"Practicing mindfulness involves staying present in the moment, reducing stress, and improving emotional well-being."
What is the relationship between sleep and mental health?,"Quality sleep is essential for mental health, as it can impact mood, cognitive function, and overall well-being."
How can one cope with the loss of a loved one and its effect on mental health?,"Coping with grief involves seeking support, allowing yourself to grieve, and considering therapy to process the loss."
What are the effects of cyberbullying on mental health?,"Cyberbullying can lead to increased stress, anxiety, depression, and other mental health issues in those who experience it."
How can one address perfectionism for improved mental well-being?,"Addressing perfectionism involves setting realistic goals, practicing self-compassion, and seeking support when needed."
What is the role of art and creativity in promoting mental health?,"Engaging in creative activities like art, music, and writing can be therapeutic and promote emotional well-being."
How can one manage the effects of chronic pain on mental health?,"Managing chronic pain involves seeking medical treatment, therapy, and developing coping strategies to improve mental well-being."
What is the importance of positive affirmations for mental health?,"Positive affirmations can improve self-esteem, reduce negative self-talk, and promote overall mental well-being."
How can one build resilience to stress and adversity?,"Building resilience involves developing coping skills, seeking support, and maintaining a positive outlook."
What is the relationship between social media and mental health?,"Social media can impact mental health, with excessive use contributing to feelings of loneliness and lower self-esteem."
How can one promote mental health awareness in the workplace?,"Promoting mental health in the workplace involves training, open discussions, and creating a supportive environment."
What is the relationship between sleep and mental health?,"Quality sleep is essential for mental health, as it can impact mood, cognitive function, and overall well-being."
How can one cope with the loss of a loved one and its effect on mental health?,"Coping with grief involves seeking support, allowing yourself to grieve, and considering therapy to process the loss."
What are the effects of cyberbullying on mental health?,"Cyberbullying can lead to increased stress, anxiety, depression, and other mental health issues in those who experience it."
How can one address perfectionism for improved mental well-being?,"Addressing perfectionism involves setting realistic goals, practicing self-compassion, and seeking support when needed."
What is the role of art and creativity in promoting mental health?,"Engaging in creative activities like art, music, and writing can be therapeutic and promote emotional well-being."
How can one manage the effects of chronic pain on mental health?,"Managing chronic pain involves seeking medical treatment, therapy, and developing coping strategies to improve mental well-being."
What is the importance of positive affirmations for mental health?,"Positive affirmations can improve self-esteem, reduce negative self-talk, and promote overall mental well-being."
How can one build resilience to stress and adversity?,"Building resilience involves developing coping skills, seeking support, and maintaining a positive outlook."
What is the relationship between social media and mental health?,"Social media can impact mental health, with excessive use contributing to feelings of loneliness and lower self-esteem."
How can one promote mental health awareness in the workplace?,"Promoting mental health in the workplace involves training, open discussions, and creating a supportive environment."
Hi,"Good day, I'm MindMate a chatbot for mental health queries."
Hello, "Hi there! How can I assist you today?"
Good morning, "Good morning! How can I assist you with your mental health?"
Hey, "Hey there! How can I support you with your mental well-being?"
